idna_subject,checker_type,destination,tested_at
www.oz-offers.com,AVAILABILITY,domains.list,2025-10-22 02:31:54.710738+00:00
www.tinaborg.com,AVAILABILITY,domains.list,2025-10-22 02:32:00.637724+00:00
redhotfreebies.co.uk,AVAILABILITY,domains.list,2025-10-22 02:32:01.341857+00:00
creditauthpagev3.info,AVAILABILITY,domains.list,2025-10-22 02:32:02.621789+00:00
www.defenderxtactical.com,AVAILABILITY,domains.list,2025-10-22 02:32:02.947075+00:00
www.creditauthpagev3.info,AVAILABILITY,domains.list,2025-10-22 02:32:03.561705+00:00
www.redhotfreebies.co.uk,AVAILABILITY,domains.list,2025-10-22 02:32:03.838647+00:00
www.otherinbox.com,AVAILABILITY,domains.list,2025-10-22 02:32:04.120132+00:00
www.onlineloan-personal.net,AVAILABILITY,domains.list,2025-10-22 02:32:04.411132+00:00
www.fitnesshealthreporter.com,AVAILABILITY,domains.list,2025-10-22 02:32:04.715388+00:00
www.thedatingconference.com,AVAILABILITY,domains.list,2025-10-22 02:32:04.944366+00:00
www.clicktshirtprinting.co.uk,AVAILABILITY,domains.list,2025-10-22 02:32:05.138830+00:00
www.7minuteworkout.com,AVAILABILITY,domains.list,2025-10-22 02:32:14.166931+00:00
clicktshirtprinting.co.uk,AVAILABILITY,domains.list,2025-10-22 02:32:14.794623+00:00
fitnesshealthreporter.com,AVAILABILITY,domains.list,2025-10-22 02:32:15.093799+00:00
gtradersoft.com,AVAILABILITY,domains.list,2025-10-22 02:32:15.294984+00:00
heartrevitalized.com,AVAILABILITY,domains.list,2025-10-22 02:32:15.482129+00:00
onlineloan-personal.net,AVAILABILITY,domains.list,2025-10-22 02:32:15.836207+00:00
thedatingconference.com,AVAILABILITY,domains.list,2025-10-22 02:32:16.138613+00:00
www.arklighting.co,AVAILABILITY,domains.list,2025-10-22 02:32:19.303115+00:00
www.gtradersoft.com,AVAILABILITY,domains.list,2025-10-22 02:32:19.548491+00:00
www.heartrevitalized.com,AVAILABILITY,domains.list,2025-10-22 02:32:19.855335+00:00
